window_end_date,route_code,tod_bucket,window_days,rrs_rolling_score,routes_in_window,dates_expected,dates_present,trip_count_window,mean_speed_window,speed_sd_window,completeness_ratio,score_status,rrs_rank,speed_cv,sigma_band_distribution,daily_z_scores,route_label
2026-06-10,XJG4+7J|5PX4+HQ,weekday_morning,14,60.0,12,14,10,48,39.13,1.73,0.714,ok,1,0.0442,"{""< -3\u03c3"": 0, ""[-3\u03c3, -2\u03c3)"": 0, ""[-2\u03c3, -1\u03c3)"": 1, ""[-1\u03c3, 0)"": 5, ""[0, +1\u03c3)"": 2, ""[+1\u03c3, +2\u03c3)"": 2, ""[+2\u03c3, +3\u03c3)"": 0, ""> +3\u03c3"": 0}","{""2026-05-28"": {""z"": 1.764, ""band"": ""[+1\u03c3, +2\u03c3)""}, ""2026-05-29"": {""z"": 1.464, ""band"": ""[+1\u03c3, +2\u03c3)""}, ""2026-06-01"": {""z"": -0.166, ""band"": ""[-1\u03c3, 0)""}, ""2026-06-02"": {""z"": -0.635, ""band"": ""[-1\u03c3, 0)""}, ""2026-06-03"": {""z"": -0.594, ""band"": ""[-1\u03c3, 0)""}, ""2026-06-04"": {""z"": -0.444, ""band"": ""[-1\u03c3, 0)""}, ""2026-06-05"": {""z"": 0.342, ""band"": ""[0, +1\u03c3)""}, ""2026-06-08"": {""z"": 0.088, ""band"": ""[0, +1\u03c3)""}, ""2026-06-09"": {""z"": -0.207, ""band"": ""[-1\u03c3, 0)""}, ""2026-06-10"": {""z"": -1.612, ""band"": ""[-2\u03c3, -1\u03c3)""}}",Airport Expy
2026-06-10,VJRQ+2M|RMJJ+F4,weekday_morning,14,48.01,12,14,10,48,25.26,1.66,0.714,ok,2,0.0657,"{""< -3\u03c3"": 0, ""[-3\u03c3, -2\u03c3)"": 0, ""[-2\u03c3, -1\u03c3)"": 0, ""[-1\u03c3, 0)"": 6, ""[0, +1\u03c3)"": 2, ""[+1\u03c3, +2\u03c3)"": 1, ""[+2\u03c3, +3\u03c3)"": 1, ""> +3\u03c3"": 0}","{""2026-05-28"": {""z"": 2.025, ""band"": ""[+2\u03c3, +3\u03c3)""}, ""2026-05-29"": {""z"": 1.368, ""band"": ""[+1\u03c3, +2\u03c3)""}, ""2026-06-01"": {""z"": 0.289, ""band"": ""[0, +1\u03c3)""}, ""2026-06-02"": {""z"": 0.108, ""band"": ""[0, +1\u03c3)""}, ""2026-06-03"": {""z"": -0.874, ""band"": ""[-1\u03c3, 0)""}, ""2026-06-04"": {""z"": -0.916, ""band"": ""[-1\u03c3, 0)""}, ""2026-06-05"": {""z"": -0.44, ""band"": ""[-1\u03c3, 0)""}, ""2026-06-08"": {""z"": -0.066, ""band"": ""[-1\u03c3, 0)""}, ""2026-06-09"": {""z"": -0.657, ""band"": ""[-1\u03c3, 0)""}, ""2026-06-10"": {""z"": -0.838, ""band"": ""[-1\u03c3, 0)""}}",Hosur Road
2026-06-10,WH5F+26|WJ8X+F5W,weekday_morning,14,31.65,12,14,10,48,20.55,1.48,0.714,ok,3,0.072,"{""< -3\u03c3"": 0, ""[-3\u03c3, -2\u03c3)"": 0, ""[-2\u03c3, -1\u03c3)"": 1, ""[-1\u03c3, 0)"": 5, ""[0, +1\u03c3)"": 3, ""[+1\u03c3, +2\u03c3)"": 0, ""[+2\u03c3, +3\u03c3)"": 1, ""> +3\u03c3"": 0}","{""2026-05-28"": {""z"": 2.443, ""band"": ""[+2\u03c3, +3\u03c3)""}, ""2026-05-29"": {""z"": -0.214, ""band"": ""[-1\u03c3, 0)""}, ""2026-06-01"": {""z"": 0.354, ""band"": ""[0, +1\u03c3)""}, ""2026-06-02"": {""z"": -0.951, ""band"": ""[-1\u03c3, 0)""}, ""2026-06-03"": {""z"": -0.511, ""band"": ""[-1\u03c3, 0)""}, ""2026-06-04"": {""z"": -1.072, ""band"": ""[-2\u03c3, -1\u03c3)""}, ""2026-06-05"": {""z"": -0.335, ""band"": ""[-1\u03c3, 0)""}, ""2026-06-08"": {""z"": 0.557, ""band"": ""[0, +1\u03c3)""}, ""2026-06-09"": {""z"": 0.07, ""band"": ""[0, +1\u03c3)""}, ""2026-06-10"": {""z"": -0.342, ""band"": ""[-1\u03c3, 0)""}}",Double Decker Flyover
2026-06-10,2HM2+P8|XJV5+RG,weekday_morning,14,15.3,12,14,10,48,19.29,1.16,0.714,ok,4,0.06,"{""< -3\u03c3"": 0, ""[-3\u03c3, -2\u03c3)"": 0, ""[-2\u03c3, -1\u03c3)"": 3, ""[-1\u03c3, 0)"": 3, ""[0, +1\u03c3)"": 2, ""[+1\u03c3, +2\u03c3)"": 2, ""[+2\u03c3, +3\u03c3)"": 0, ""> +3\u03c3"": 0}","{""2026-05-28"": {""z"": 1.757, ""band"": ""[+1\u03c3, +2\u03c3)""}, ""2026-05-29"": {""z"": 1.17, ""band"": ""[+1\u03c3, +2\u03c3)""}, ""2026-06-01"": {""z"": 0.661, ""band"": ""[0, +1\u03c3)""}, ""2026-06-02"": {""z"": 0.272, ""band"": ""[0, +1\u03c3)""}, ""2026-06-03"": {""z"": -1.17, ""band"": ""[-2\u03c3, -1\u03c3)""}, ""2026-06-04"": {""z"": -1.075, ""band"": ""[-2\u03c3, -1\u03c3)""}, ""2026-06-05"": {""z"": -0.056, ""band"": ""[-1\u03c3, 0)""}, ""2026-06-08"": {""z"": -0.246, ""band"": ""[-1\u03c3, 0)""}, ""2026-06-09"": {""z"": -0.117, ""band"": ""[-1\u03c3, 0)""}, ""2026-06-10"": {""z"": -1.196, ""band"": ""[-2\u03c3, -1\u03c3)""}}",North Inner Ring
2026-06-10,WGG8+G5|XH7P+G6,weekday_morning,14,8.76,12,14,10,48,18.45,1.18,0.714,ok,5,0.0637,"{""< -3\u03c3"": 0, ""[-3\u03c3, -2\u03c3)"": 0, ""[-2\u03c3, -1\u03c3)"": 0, ""[-1\u03c3, 0)"": 7, ""[0, +1\u03c3)"": 1, ""[+1\u03c3, +2\u03c3)"": 1, ""[+2\u03c3, +3\u03c3)"": 1, ""> +3\u03c3"": 0}","{""2026-05-28"": {""z"": -0.442, ""band"": ""[-1\u03c3, 0)""}, ""2026-05-29"": {""z"": 2.333, ""band"": ""[+2\u03c3, +3\u03c3)""}, ""2026-06-01"": {""z"": -0.535, ""band"": ""[-1\u03c3, 0)""}, ""2026-06-02"": {""z"": -0.45, ""band"": ""[-1\u03c3, 0)""}, ""2026-06-03"": {""z"": 0.273, ""band"": ""[0, +1\u03c3)""}, ""2026-06-04"": {""z"": -0.152, ""band"": ""[-1\u03c3, 0)""}, ""2026-06-05"": {""z"": 1.09, ""band"": ""[+1\u03c3, +2\u03c3)""}, ""2026-06-08"": {""z"": -0.952, ""band"": ""[-1\u03c3, 0)""}, ""2026-06-09"": {""z"": -0.629, ""band"": ""[-1\u03c3, 0)""}, ""2026-06-10"": {""z"": -0.535, ""band"": ""[-1\u03c3, 0)""}}",Mysore Road
2026-06-10,XHJ7+MG|WJM6+VC,weekday_morning,14,3.29,12,14,10,48,18.65,1.37,0.714,ok,6,0.0735,"{""< -3\u03c3"": 0, ""[-3\u03c3, -2\u03c3)"": 0, ""[-2\u03c3, -1\u03c3)"": 1, ""[-1\u03c3, 0)"": 5, ""[0, +1\u03c3)"": 3, ""[+1\u03c3, +2\u03c3)"": 0, ""[+2\u03c3, +3\u03c3)"": 1, ""> +3\u03c3"": 0}","{""2026-05-28"": {""z"": 2.287, ""band"": ""[+2\u03c3, +3\u03c3)""}, ""2026-05-29"": {""z"": 0.851, ""band"": ""[0, +1\u03c3)""}, ""2026-06-01"": {""z"": -0.578, ""band"": ""[-1\u03c3, 0)""}, ""2026-06-02"": {""z"": -0.658, ""band"": ""[-1\u03c3, 0)""}, ""2026-06-03"": {""z"": 0.311, ""band"": ""[0, +1\u03c3)""}, ""2026-06-04"": {""z"": -0.899, ""band"": ""[-1\u03c3, 0)""}, ""2026-06-05"": {""z"": 0.326, ""band"": ""[0, +1\u03c3)""}, ""2026-06-08"": {""z"": -0.184, ""band"": ""[-1\u03c3, 0)""}, ""2026-06-09"": {""z"": -0.432, ""band"": ""[-1\u03c3, 0)""}, ""2026-06-10"": {""z"": -1.023, ""band"": ""[-2\u03c3, -1\u03c3)""}}",Central Diagonal 1
2026-06-10,XJPW+92|WJP4+FF,weekday_morning,14,-13.12,12,14,10,48,17.74,1.74,0.714,ok,7,0.098,"{""< -3\u03c3"": 0, ""[-3\u03c3, -2\u03c3)"": 0, ""[-2\u03c3, -1\u03c3)"": 0, ""[-1\u03c3, 0)"": 7, ""[0, +1\u03c3)"": 2, ""[+1\u03c3, +2\u03c3)"": 0, ""[+2\u03c3, +3\u03c3)"": 1, ""> +3\u03c3"": 0}","{""2026-05-28"": {""z"": 2.557, ""band"": ""[+2\u03c3, +3\u03c3)""}, ""2026-05-29"": {""z"": 0.579, ""band"": ""[0, +1\u03c3)""}, ""2026-06-01"": {""z"": -0.152, ""band"": ""[-1\u03c3, 0)""}, ""2026-06-02"": {""z"": -0.497, ""band"": ""[-1\u03c3, 0)""}, ""2026-06-03"": {""z"": -0.33, ""band"": ""[-1\u03c3, 0)""}, ""2026-06-04"": {""z"": -0.388, ""band"": ""[-1\u03c3, 0)""}, ""2026-06-05"": {""z"": 0.262, ""band"": ""[0, +1\u03c3)""}, ""2026-06-08"": {""z"": -0.405, ""band"": ""[-1\u03c3, 0)""}, ""2026-06-09"": {""z"": -0.669, ""band"": ""[-1\u03c3, 0)""}, ""2026-06-10"": {""z"": -0.957, ""band"": ""[-1\u03c3, 0)""}}",East Inner Ring
2026-06-10,XPC7+72|XM33+J3,weekday_morning,14,-24.02,12,14,10,48,16.55,2.85,0.714,ok,8,0.172,"{""< -3\u03c3"": 0, ""[-3\u03c3, -2\u03c3)"": 0, ""[-2\u03c3, -1\u03c3)"": 2, ""[-1\u03c3, 0)"": 4, ""[0, +1\u03c3)"": 2, ""[+1\u03c3, +2\u03c3)"": 2, ""[+2\u03c3, +3\u03c3)"": 0, ""> +3\u03c3"": 0}","{""2026-05-28"": {""z"": 1.888, ""band"": ""[+1\u03c3, +2\u03c3)""}, ""2026-05-29"": {""z"": 1.185, ""band"": ""[+1\u03c3, +2\u03c3)""}, ""2026-06-01"": {""z"": -1.138, ""band"": ""[-2\u03c3, -1\u03c3)""}, ""2026-06-02"": {""z"": -0.569, ""band"": ""[-1\u03c3, 0)""}, ""2026-06-03"": {""z"": -1.029, ""band"": ""[-2\u03c3, -1\u03c3)""}, ""2026-06-04"": {""z"": 0.313, ""band"": ""[0, +1\u03c3)""}, ""2026-06-05"": {""z"": 0.644, ""band"": ""[0, +1\u03c3)""}, ""2026-06-08"": {""z"": -0.066, ""band"": ""[-1\u03c3, 0)""}, ""2026-06-09"": {""z"": -0.407, ""band"": ""[-1\u03c3, 0)""}, ""2026-06-10"": {""z"": -0.821, ""band"": ""[-1\u03c3, 0)""}}",Old Airport Road
2026-06-10,XMW9+G8|WMJR+V4,weekday_morning,14,-25.1,12,14,10,48,17.1,5.99,0.714,ok,9,0.3505,"{""< -3\u03c3"": 0, ""[-3\u03c3, -2\u03c3)"": 0, ""[-2\u03c3, -1\u03c3)"": 0, ""[-1\u03c3, 0)"": 6, ""[0, +1\u03c3)"": 3, ""[+1\u03c3, +2\u03c3)"": 0, ""[+2\u03c3, +3\u03c3)"": 1, ""> +3\u03c3"": 0}","{""2026-05-28"": {""z"": 2.398, ""band"": ""[+2\u03c3, +3\u03c3)""}, ""2026-05-29"": {""z"": 0.929, ""band"": ""[0, +1\u03c3)""}, ""2026-06-01"": {""z"": -0.587, ""band"": ""[-1\u03c3, 0)""}, ""2026-06-02"": {""z"": -0.642, ""band"": ""[-1\u03c3, 0)""}, ""2026-06-03"": {""z"": -0.858, ""band"": ""[-1\u03c3, 0)""}, ""2026-06-04"": {""z"": 0.007, ""band"": ""[0, +1\u03c3)""}, ""2026-06-05"": {""z"": 0.26, ""band"": ""[0, +1\u03c3)""}, ""2026-06-08"": {""z"": -0.289, ""band"": ""[-1\u03c3, 0)""}, ""2026-06-09"": {""z"": -0.591, ""band"": ""[-1\u03c3, 0)""}, ""2026-06-10"": {""z"": -0.627, ""band"": ""[-1\u03c3, 0)""}}",East Outer Ring
2026-06-10,WP44+W8|WJFH+XQ,weekday_morning,14,-29.46,12,14,10,48,16.31,3.63,0.714,ok,10,0.2223,"{""< -3\u03c3"": 0, ""[-3\u03c3, -2\u03c3)"": 0, ""[-2\u03c3, -1\u03c3)"": 0, ""[-1\u03c3, 0)"": 7, ""[0, +1\u03c3)"": 1, ""[+1\u03c3, +2\u03c3)"": 1, ""[+2\u03c3, +3\u03c3)"": 1, ""> +3\u03c3"": 0}","{""2026-05-28"": {""z"": 2.153, ""band"": ""[+2\u03c3, +3\u03c3)""}, ""2026-05-29"": {""z"": 1.398, ""band"": ""[+1\u03c3, +2\u03c3)""}, ""2026-06-01"": {""z"": -0.285, ""band"": ""[-1\u03c3, 0)""}, ""2026-06-02"": {""z"": -0.77, ""band"": ""[-1\u03c3, 0)""}, ""2026-06-03"": {""z"": -0.351, ""band"": ""[-1\u03c3, 0)""}, ""2026-06-04"": {""z"": -0.456, ""band"": ""[-1\u03c3, 0)""}, ""2026-06-05"": {""z"": 0.187, ""band"": ""[0, +1\u03c3)""}, ""2026-06-08"": {""z"": -0.263, ""band"": ""[-1\u03c3, 0)""}, ""2026-06-09"": {""z"": -0.814, ""band"": ""[-1\u03c3, 0)""}, ""2026-06-10"": {""z"": -0.8, ""band"": ""[-1\u03c3, 0)""}}",Sarjapur Road
2026-06-10,2HVW+G8|XJXR+WG,weekday_morning,14,-29.48,12,14,10,48,16.25,2.53,0.714,ok,11,0.1554,"{""< -3\u03c3"": 0, ""[-3\u03c3, -2\u03c3)"": 0, ""[-2\u03c3, -1\u03c3)"": 0, ""[-1\u03c3, 0)"": 6, ""[0, +1\u03c3)"": 2, ""[+1\u03c3, +2\u03c3)"": 1, ""[+2\u03c3, +3\u03c3)"": 1, ""> +3\u03c3"": 0}","{""2026-05-28"": {""z"": 2.223, ""band"": ""[+2\u03c3, +3\u03c3)""}, ""2026-05-29"": {""z"": 1.256, ""band"": ""[+1\u03c3, +2\u03c3)""}, ""2026-06-01"": {""z"": 0.005, ""band"": ""[0, +1\u03c3)""}, ""2026-06-02"": {""z"": -0.862, ""band"": ""[-1\u03c3, 0)""}, ""2026-06-03"": {""z"": -0.704, ""band"": ""[-1\u03c3, 0)""}, ""2026-06-04"": {""z"": -0.609, ""band"": ""[-1\u03c3, 0)""}, ""2026-06-05"": {""z"": 0.195, ""band"": ""[0, +1\u03c3)""}, ""2026-06-08"": {""z"": -0.272, ""band"": ""[-1\u03c3, 0)""}, ""2026-06-09"": {""z"": -0.613, ""band"": ""[-1\u03c3, 0)""}, ""2026-06-10"": {""z"": -0.621, ""band"": ""[-1\u03c3, 0)""}}",North Outer Ring
2026-06-10,WHR9+R6|XJGF+6J,weekday_morning,14,-45.83,12,14,10,48,15.04,1.05,0.714,ok,12,0.0696,"{""< -3\u03c3"": 0, ""[-3\u03c3, -2\u03c3)"": 0, ""[-2\u03c3, -1\u03c3)"": 0, ""[-1\u03c3, 0)"": 7, ""[0, +1\u03c3)"": 2, ""[+1\u03c3, +2\u03c3)"": 0, ""[+2\u03c3, +3\u03c3)"": 1, ""> +3\u03c3"": 0}","{""2026-05-28"": {""z"": 2.517, ""band"": ""[+2\u03c3, +3\u03c3)""}, ""2026-05-29"": {""z"": 0.444, ""band"": ""[0, +1\u03c3)""}, ""2026-06-01"": {""z"": -0.005, ""band"": ""[-1\u03c3, 0)""}, ""2026-06-02"": {""z"": 0.244, ""band"": ""[0, +1\u03c3)""}, ""2026-06-03"": {""z"": -0.883, ""band"": ""[-1\u03c3, 0)""}, ""2026-06-04"": {""z"": -0.874, ""band"": ""[-1\u03c3, 0)""}, ""2026-06-05"": {""z"": -0.014, ""band"": ""[-1\u03c3, 0)""}, ""2026-06-08"": {""z"": -0.167, ""band"": ""[-1\u03c3, 0)""}, ""2026-06-09"": {""z"": -0.482, ""band"": ""[-1\u03c3, 0)""}, ""2026-06-10"": {""z"": -0.778, ""band"": ""[-1\u03c3, 0)""}}",Central Diagonal 2
2026-06-10,XJG4+7J|5PX4+HQ,weekday_afternoon,14,60.0,12,14,10,72,34.64,1.68,0.714,ok,1,0.0484,"{""< -3\u03c3"": 0, ""[-3\u03c3, -2\u03c3)"": 0, ""[-2\u03c3, -1\u03c3)"": 2, ""[-1\u03c3, 0)"": 2, ""[0, +1\u03c3)"": 4, ""[+1\u03c3, +2\u03c3)"": 2, ""[+2\u03c3, +3\u03c3)"": 0, ""> +3\u03c3"": 0}","{""2026-05-28"": {""z"": 1.529, ""band"": ""[+1\u03c3, +2\u03c3)""}, ""2026-05-29"": {""z"": 0.372, ""band"": ""[0, +1\u03c3)""}, ""2026-06-01"": {""z"": 1.088, ""band"": ""[+1\u03c3, +2\u03c3)""}, ""2026-06-02"": {""z"": 0.438, ""band"": ""[0, +1\u03c3)""}, ""2026-06-03"": {""z"": -0.928, ""band"": ""[-1\u03c3, 0)""}, ""2026-06-04"": {""z"": -1.59, ""band"": ""[-2\u03c3, -1\u03c3)""}, ""2026-06-05"": {""z"": -1.125, ""band"": ""[-2\u03c3, -1\u03c3)""}, ""2026-06-08"": {""z"": 0.45, ""band"": ""[0, +1\u03c3)""}, ""2026-06-09"": {""z"": 0.247, ""band"": ""[0, +1\u03c3)""}, ""2026-06-10"": {""z"": -0.481, ""band"": ""[-1\u03c3, 0)""}}",Airport Expy
2026-06-10,VJRQ+2M|RMJJ+F4,weekday_afternoon,14,48.01,12,14,10,72,26.12,1.19,0.714,ok,2,0.0456,"{""< -3\u03c3"": 0, ""[-3\u03c3, -2\u03c3)"": 0, ""[-2\u03c3, -1\u03c3)"": 1, ""[-1\u03c3, 0)"": 5, ""[0, +1\u03c3)"": 3, ""[+1\u03c3, +2\u03c3)"": 1, ""[+2\u03c3, +3\u03c3)"": 0, ""> +3\u03c3"": 0}","{""2026-05-28"": {""z"": 0.699, ""band"": ""[0, +1\u03c3)""}, ""2026-05-29"": {""z"": 0.632, ""band"": ""[0, +1\u03c3)""}, ""2026-06-01"": {""z"": 1.715, ""band"": ""[+1\u03c3, +2\u03c3)""}, ""2026-06-02"": {""z"": -0.039, ""band"": ""[-1\u03c3, 0)""}, ""2026-06-03"": {""z"": -0.417, ""band"": ""[-1\u03c3, 0)""}, ""2026-06-04"": {""z"": -1.987, ""band"": ""[-2\u03c3, -1\u03c3)""}, ""2026-06-05"": {""z"": -0.266, ""band"": ""[-1\u03c3, 0)""}, ""2026-06-08"": {""z"": 0.514, ""band"": ""[0, +1\u03c3)""}, ""2026-06-09"": {""z"": -0.006, ""band"": ""[-1\u03c3, 0)""}, ""2026-06-10"": {""z"": -0.845, ""band"": ""[-1\u03c3, 0)""}}",Hosur Road
2026-06-10,WH5F+26|WJ8X+F5W,weekday_afternoon,14,34.93,12,14,10,72,22.79,0.49,0.714,ok,3,0.0213,"{""< -3\u03c3"": 0, ""[-3\u03c3, -2\u03c3)"": 0, ""[-2\u03c3, -1\u03c3)"": 1, ""[-1\u03c3, 0)"": 3, ""[0, +1\u03c3)"": 5, ""[+1\u03c3, +2\u03c3)"": 1, ""[+2\u03c3, +3\u03c3)"": 0, ""> +3\u03c3"": 0}","{""2026-05-28"": {""z"": -0.985, ""band"": ""[-1\u03c3, 0)""}, ""2026-05-29"": {""z"": -0.409, ""band"": ""[-1\u03c3, 0)""}, ""2026-06-01"": {""z"": 0.64, ""band"": ""[0, +1\u03c3)""}, ""2026-06-02"": {""z"": 0.167, ""band"": ""[0, +1\u03c3)""}, ""2026-06-03"": {""z"": -1.89, ""band"": ""[-2\u03c3, -1\u03c3)""}, ""2026-06-04"": {""z"": -0.677, ""band"": ""[-1\u03c3, 0)""}, ""2026-06-05"": {""z"": 1.504, ""band"": ""[+1\u03c3, +2\u03c3)""}, ""2026-06-08"": {""z"": 0.187, ""band"": ""[0, +1\u03c3)""}, ""2026-06-09"": {""z"": 0.845, ""band"": ""[0, +1\u03c3)""}, ""2026-06-10"": {""z"": 0.619, ""band"": ""[0, +1\u03c3)""}}",Double Decker Flyover
2026-06-10,WGG8+G5|XH7P+G6,weekday_afternoon,14,25.12,12,14,10,72,20.99,0.8,0.714,ok,4,0.038,"{""< -3\u03c3"": 0, ""[-3\u03c3, -2\u03c3)"": 0, ""[-2\u03c3, -1\u03c3)"": 1, ""[-1\u03c3, 0)"": 6, ""[0, +1\u03c3)"": 2, ""[+1\u03c3, +2\u03c3)"": 0, ""[+2\u03c3, +3\u03c3)"": 1, ""> +3\u03c3"": 0}","{""2026-05-28"": {""z"": 2.279, ""band"": ""[+2\u03c3, +3\u03c3)""}, ""2026-05-29"": {""z"": 0.986, ""band"": ""[0, +1\u03c3)""}, ""2026-06-01"": {""z"": -1.262, ""band"": ""[-2\u03c3, -1\u03c3)""}, ""2026-06-02"": {""z"": 0.119, ""band"": ""[0, +1\u03c3)""}, ""2026-06-03"": {""z"": -0.107, ""band"": ""[-1\u03c3, 0)""}, ""2026-06-04"": {""z"": -0.471, ""band"": ""[-1\u03c3, 0)""}, ""2026-06-05"": {""z"": -0.031, ""band"": ""[-1\u03c3, 0)""}, ""2026-06-08"": {""z"": -0.822, ""band"": ""[-1\u03c3, 0)""}, ""2026-06-09"": {""z"": -0.144, ""band"": ""[-1\u03c3, 0)""}, ""2026-06-10"": {""z"": -0.546, ""band"": ""[-1\u03c3, 0)""}}",Mysore Road
2026-06-10,2HM2+P8|XJV5+RG,weekday_afternoon,14,3.29,12,14,10,72,18.94,0.82,0.714,ok,5,0.0433,"{""< -3\u03c3"": 0, ""[-3\u03c3, -2\u03c3)"": 0, ""[-2\u03c3, -1\u03c3)"": 1, ""[-1\u03c3, 0)"": 3, ""[0, +1\u03c3)"": 5, ""[+1\u03c3, +2\u03c3)"": 1, ""[+2\u03c3, +3\u03c3)"": 0, ""> +3\u03c3"": 0}","{""2026-05-28"": {""z"": 1.899, ""band"": ""[+1\u03c3, +2\u03c3)""}, ""2026-05-29"": {""z"": 0.387, ""band"": ""[0, +1\u03c3)""}, ""2026-06-01"": {""z"": 0.411, ""band"": ""[0, +1\u03c3)""}, ""2026-06-02"": {""z"": 0.472, ""band"": ""[0, +1\u03c3)""}, ""2026-06-03"": {""z"": -0.748, ""band"": ""[-1\u03c3, 0)""}, ""2026-06-04"": {""z"": -1.907, ""band"": ""[-2\u03c3, -1\u03c3)""}, ""2026-06-05"": {""z"": -0.431, ""band"": ""[-1\u03c3, 0)""}, ""2026-06-08"": {""z"": 0.033, ""band"": ""[0, +1\u03c3)""}, ""2026-06-09"": {""z"": 0.423, ""band"": ""[0, +1\u03c3)""}, ""2026-06-10"": {""z"": -0.54, ""band"": ""[-1\u03c3, 0)""}}",North Inner Ring
2026-06-10,WP44+W8|WJFH+XQ,weekday_afternoon,14,0.02,12,14,10,72,18.63,1.29,0.714,ok,6,0.0694,"{""< -3\u03c3"": 0, ""[-3\u03c3, -2\u03c3)"": 0, ""[-2\u03c3, -1\u03c3)"": 1, ""[-1\u03c3, 0)"": 5, ""[0, +1\u03c3)"": 2, ""[+1\u03c3, +2\u03c3)"": 1, ""[+2\u03c3, +3\u03c3)"": 1, ""> +3\u03c3"": 0}","{""2026-05-28"": {""z"": 2.107, ""band"": ""[+2\u03c3, +3\u03c3)""}, ""2026-05-29"": {""z"": 1.085, ""band"": ""[+1\u03c3, +2\u03c3)""}, ""2026-06-01"": {""z"": 0.559, ""band"": ""[0, +1\u03c3)""}, ""2026-06-02"": {""z"": -0.447, ""band"": ""[-1\u03c3, 0)""}, ""2026-06-03"": {""z"": -0.695, ""band"": ""[-1\u03c3, 0)""}, ""2026-06-04"": {""z"": -0.796, ""band"": ""[-1\u03c3, 0)""}, ""2026-06-05"": {""z"": -0.772, ""band"": ""[-1\u03c3, 0)""}, ""2026-06-08"": {""z"": 0.118, ""band"": ""[0, +1\u03c3)""}, ""2026-06-09"": {""z"": -0.091, ""band"": ""[-1\u03c3, 0)""}, ""2026-06-10"": {""z"": -1.066, ""band"": ""[-2\u03c3, -1\u03c3)""}}",Sarjapur Road
2026-06-10,XMW9+G8|WMJR+V4,weekday_afternoon,14,-3.27,12,14,10,72,19.49,5.35,0.714,ok,7,0.2747,"{""< -3\u03c3"": 0, ""[-3\u03c3, -2\u03c3)"": 0, ""[-2\u03c3, -1\u03c3)"": 1, ""[-1\u03c3, 0)"": 4, ""[0, +1\u03c3)"": 3, ""[+1\u03c3, +2\u03c3)"": 2, ""[+2\u03c3, +3\u03c3)"": 0, ""> +3\u03c3"": 0}","{""2026-05-28"": {""z"": 1.764, ""band"": ""[+1\u03c3, +2\u03c3)""}, ""2026-05-29"": {""z"": 1.301, ""band"": ""[+1\u03c3, +2\u03c3)""}, ""2026-06-01"": {""z"": -0.764, ""band"": ""[-1\u03c3, 0)""}, ""2026-06-02"": {""z"": -0.703, ""band"": ""[-1\u03c3, 0)""}, ""2026-06-03"": {""z"": -1.424, ""band"": ""[-2\u03c3, -1\u03c3)""}, ""2026-06-04"": {""z"": 0.143, ""band"": ""[0, +1\u03c3)""}, ""2026-06-05"": {""z"": 0.662, ""band"": ""[0, +1\u03c3)""}, ""2026-06-08"": {""z"": 0.113, ""band"": ""[0, +1\u03c3)""}, ""2026-06-09"": {""z"": -0.447, ""band"": ""[-1\u03c3, 0)""}, ""2026-06-10"": {""z"": -0.647, ""band"": ""[-1\u03c3, 0)""}}",East Outer Ring
2026-06-10,XHJ7+MG|WJM6+VC,weekday_afternoon,14,-15.31,12,14,10,72,17.89,1.18,0.714,ok,8,0.0661,"{""< -3\u03c3"": 0, ""[-3\u03c3, -2\u03c3)"": 0, ""[-2\u03c3, -1\u03c3)"": 1, ""[-1\u03c3, 0)"": 5, ""[0, +1\u03c3)"": 3, ""[+1\u03c3, +2\u03c3)"": 0, ""[+2\u03c3, +3\u03c3)"": 1, ""> +3\u03c3"": 0}","{""2026-05-28"": {""z"": 2.358, ""band"": ""[+2\u03c3, +3\u03c3)""}, ""2026-05-29"": {""z"": 0.227, ""band"": ""[0, +1\u03c3)""}, ""2026-06-01"": {""z"": 0.329, ""band"": ""[0, +1\u03c3)""}, ""2026-06-02"": {""z"": -0.229, ""band"": ""[-1\u03c3, 0)""}, ""2026-06-03"": {""z"": -0.153, ""band"": ""[-1\u03c3, 0)""}, ""2026-06-04"": {""z"": -1.21, ""band"": ""[-2\u03c3, -1\u03c3)""}, ""2026-06-05"": {""z"": -0.145, ""band"": ""[-1\u03c3, 0)""}, ""2026-06-08"": {""z"": 0.506, ""band"": ""[0, +1\u03c3)""}, ""2026-06-09"": {""z"": -0.694, ""band"": ""[-1\u03c3, 0)""}, ""2026-06-10"": {""z"": -0.99, ""band"": ""[-1\u03c3, 0)""}}",Central Diagonal 1
2026-06-10,2HVW+G8|XJXR+WG,weekday_afternoon,14,-25.11,12,14,10,72,17.51,2.03,0.714,ok,9,0.1159,"{""< -3\u03c3"": 0, ""[-3\u03c3, -2\u03c3)"": 0, ""[-2\u03c3, -1\u03c3)"": 1, ""[-1\u03c3, 0)"": 5, ""[0, +1\u03c3)"": 2, ""[+1\u03c3, +2\u03c3)"": 2, ""[+2\u03c3, +3\u03c3)"": 0, ""> +3\u03c3"": 0}","{""2026-05-28"": {""z"": 1.739, ""band"": ""[+1\u03c3, +2\u03c3)""}, ""2026-05-29"": {""z"": 1.615, ""band"": ""[+1\u03c3, +2\u03c3)""}, ""2026-06-01"": {""z"": -0.099, ""band"": ""[-1\u03c3, 0)""}, ""2026-06-02"": {""z"": -0.419, ""band"": ""[-1\u03c3, 0)""}, ""2026-06-03"": {""z"": -1.089, ""band"": ""[-2\u03c3, -1\u03c3)""}, ""2026-06-04"": {""z"": -0.858, ""band"": ""[-1\u03c3, 0)""}, ""2026-06-05"": {""z"": 0.364, ""band"": ""[0, +1\u03c3)""}, ""2026-06-08"": {""z"": 0.098, ""band"": ""[0, +1\u03c3)""}, ""2026-06-09"": {""z"": -0.355, ""band"": ""[-1\u03c3, 0)""}, ""2026-06-10"": {""z"": -0.996, ""band"": ""[-1\u03c3, 0)""}}",North Outer Ring
2026-06-10,XPC7+72|XM33+J3,weekday_afternoon,14,-32.75,12,14,10,72,16.91,1.69,0.714,ok,10,0.0997,"{""< -3\u03c3"": 0, ""[-3\u03c3, -2\u03c3)"": 0, ""[-2\u03c3, -1\u03c3)"": 1, ""[-1\u03c3, 0)"": 5, ""[0, +1\u03c3)"": 3, ""[+1\u03c3, +2\u03c3)"": 0, ""[+2\u03c3, +3\u03c3)"": 1, ""> +3\u03c3"": 0}","{""2026-05-28"": {""z"": 2.085, ""band"": ""[+2\u03c3, +3\u03c3)""}, ""2026-05-29"": {""z"": 0.691, ""band"": ""[0, +1\u03c3)""}, ""2026-06-01"": {""z"": -0.597, ""band"": ""[-1\u03c3, 0)""}, ""2026-06-02"": {""z"": -0.496, ""band"": ""[-1\u03c3, 0)""}, ""2026-06-03"": {""z"": -1.434, ""band"": ""[-2\u03c3, -1\u03c3)""}, ""2026-06-04"": {""z"": 0.157, ""band"": ""[0, +1\u03c3)""}, ""2026-06-05"": {""z"": 0.845, ""band"": ""[0, +1\u03c3)""}, ""2026-06-08"": {""z"": -0.004, ""band"": ""[-1\u03c3, 0)""}, ""2026-06-09"": {""z"": -0.591, ""band"": ""[-1\u03c3, 0)""}, ""2026-06-10"": {""z"": -0.656, ""band"": ""[-1\u03c3, 0)""}}",Old Airport Road
2026-06-10,XJPW+92|WJP4+FF,weekday_afternoon,14,-36.02,12,14,10,72,16.77,1.11,0.714,ok,11,0.066,"{""< -3\u03c3"": 0, ""[-3\u03c3, -2\u03c3)"": 0, ""[-2\u03c3, -1\u03c3)"": 2, ""[-1\u03c3, 0)"": 4, ""[0, +1\u03c3)"": 3, ""[+1\u03c3, +2\u03c3)"": 0, ""[+2\u03c3, +3\u03c3)"": 1, ""> +3\u03c3"": 0}","{""2026-05-28"": {""z"": 2.197, ""band"": ""[+2\u03c3, +3\u03c3)""}, ""2026-05-29"": {""z"": 0.362, ""band"": ""[0, +1\u03c3)""}, ""2026-06-01"": {""z"": 0.75, ""band"": ""[0, +1\u03c3)""}, ""2026-06-02"": {""z"": 0.425, ""band"": ""[0, +1\u03c3)""}, ""2026-06-03"": {""z"": -1.13, ""band"": ""[-2\u03c3, -1\u03c3)""}, ""2026-06-04"": {""z"": -0.551, ""band"": ""[-1\u03c3, 0)""}, ""2026-06-05"": {""z"": -0.208, ""band"": ""[-1\u03c3, 0)""}, ""2026-06-08"": {""z"": -0.045, ""band"": ""[-1\u03c3, 0)""}, ""2026-06-09"": {""z"": -0.732, ""band"": ""[-1\u03c3, 0)""}, ""2026-06-10"": {""z"": -1.067, ""band"": ""[-2\u03c3, -1\u03c3)""}}",East Inner Ring
2026-06-10,WHR9+R6|XJGF+6J,weekday_afternoon,14,-58.91,12,14,10,72,14.75,0.85,0.714,ok,12,0.0574,"{""< -3\u03c3"": 0, ""[-3\u03c3, -2\u03c3)"": 0, ""[-2\u03c3, -1\u03c3)"": 2, ""[-1\u03c3, 0)"": 2, ""[0, +1\u03c3)"": 5, ""[+1\u03c3, +2\u03c3)"": 0, ""[+2\u03c3, +3\u03c3)"": 1, ""> +3\u03c3"": 0}","{""2026-05-28"": {""z"": 2.338, ""band"": ""[+2\u03c3, +3\u03c3)""}, ""2026-05-29"": {""z"": 0.151, ""band"": ""[0, +1\u03c3)""}, ""2026-06-01"": {""z"": 0.541, ""band"": ""[0, +1\u03c3)""}, ""2026-06-02"": {""z"": 0.069, ""band"": ""[0, +1\u03c3)""}, ""2026-06-03"": {""z"": -1.042, ""band"": ""[-2\u03c3, -1\u03c3)""}, ""2026-06-04"": {""z"": -1.101, ""band"": ""[-2\u03c3, -1\u03c3)""}, ""2026-06-05"": {""z"": -0.404, ""band"": ""[-1\u03c3, 0)""}, ""2026-06-08"": {""z"": 0.175, ""band"": ""[0, +1\u03c3)""}, ""2026-06-09"": {""z"": 0.116, ""band"": ""[0, +1\u03c3)""}, ""2026-06-10"": {""z"": -0.841, ""band"": ""[-1\u03c3, 0)""}}",Central Diagonal 2
2026-06-10,XJG4+7J|5PX4+HQ,weekday_evening,14,60.0,12,14,10,45,31.39,2.4,0.714,ok,1,0.0764,"{""< -3\u03c3"": 0, ""[-3\u03c3, -2\u03c3)"": 0, ""[-2\u03c3, -1\u03c3)"": 1, ""[-1\u03c3, 0)"": 4, ""[0, +1\u03c3)"": 4, ""[+1\u03c3, +2\u03c3)"": 0, ""[+2\u03c3, +3\u03c3)"": 1, ""> +3\u03c3"": 0}","{""2026-05-28"": {""z"": 2.408, ""band"": ""[+2\u03c3, +3\u03c3)""}, ""2026-05-29"": {""z"": -0.756, ""band"": ""[-1\u03c3, 0)""}, ""2026-06-01"": {""z"": 0.24, ""band"": ""[0, +1\u03c3)""}, ""2026-06-02"": {""z"": -0.872, ""band"": ""[-1\u03c3, 0)""}, ""2026-06-03"": {""z"": 0.22, ""band"": ""[0, +1\u03c3)""}, ""2026-06-04"": {""z"": -0.347, ""band"": ""[-1\u03c3, 0)""}, ""2026-06-05"": {""z"": -0.185, ""band"": ""[-1\u03c3, 0)""}, ""2026-06-08"": {""z"": 0.057, ""band"": ""[0, +1\u03c3)""}, ""2026-06-09"": {""z"": 0.428, ""band"": ""[0, +1\u03c3)""}, ""2026-06-10"": {""z"": -1.193, ""band"": ""[-2\u03c3, -1\u03c3)""}}",Airport Expy
2026-06-10,VJRQ+2M|RMJJ+F4,weekday_evening,14,43.65,12,14,10,45,23.89,1.74,0.714,ok,2,0.0728,"{""< -3\u03c3"": 0, ""[-3\u03c3, -2\u03c3)"": 0, ""[-2\u03c3, -1\u03c3)"": 3, ""[-1\u03c3, 0)"": 3, ""[0, +1\u03c3)"": 1, ""[+1\u03c3, +2\u03c3)"": 3, ""[+2\u03c3, +3\u03c3)"": 0, ""> +3\u03c3"": 0}","{""2026-05-28"": {""z"": 1.526, ""band"": ""[+1\u03c3, +2\u03c3)""}, ""2026-05-29"": {""z"": 0.473, ""band"": ""[0, +1\u03c3)""}, ""2026-06-01"": {""z"": 1.065, ""band"": ""[+1\u03c3, +2\u03c3)""}, ""2026-06-02"": {""z"": 1.048, ""band"": ""[+1\u03c3, +2\u03c3)""}, ""2026-06-03"": {""z"": -1.265, ""band"": ""[-2\u03c3, -1\u03c3)""}, ""2026-06-04"": {""z"": -1.092, ""band"": ""[-2\u03c3, -1\u03c3)""}, ""2026-06-05"": {""z"": -0.229, ""band"": ""[-1\u03c3, 0)""}, ""2026-06-08"": {""z"": -0.177, ""band"": ""[-1\u03c3, 0)""}, ""2026-06-09"": {""z"": -0.212, ""band"": ""[-1\u03c3, 0)""}, ""2026-06-10"": {""z"": -1.138, ""band"": ""[-2\u03c3, -1\u03c3)""}}",Hosur Road
2026-06-10,XMW9+G8|WMJR+V4,weekday_evening,14,28.37,12,14,10,45,22.32,6.01,0.714,ok,3,0.2695,"{""< -3\u03c3"": 0, ""[-3\u03c3, -2\u03c3)"": 1, ""[-2\u03c3, -1\u03c3)"": 0, ""[-1\u03c3, 0)"": 2, ""[0, +1\u03c3)"": 6, ""[+1\u03c3, +2\u03c3)"": 1, ""[+2\u03c3, +3\u03c3)"": 0, ""> +3\u03c3"": 0}","{""2026-05-28"": {""z"": 1.325, ""band"": ""[+1\u03c3, +2\u03c3)""}, ""2026-05-29"": {""z"": 0.233, ""band"": ""[0, +1\u03c3)""}, ""2026-06-01"": {""z"": 0.81, ""band"": ""[0, +1\u03c3)""}, ""2026-06-02"": {""z"": -2.336, ""band"": ""[-3\u03c3, -2\u03c3)""}, ""2026-06-03"": {""z"": -0.747, ""band"": ""[-1\u03c3, 0)""}, ""2026-06-04"": {""z"": 0.083, ""band"": ""[0, +1\u03c3)""}, ""2026-06-05"": {""z"": 0.356, ""band"": ""[0, +1\u03c3)""}, ""2026-06-08"": {""z"": 0.552, ""band"": ""[0, +1\u03c3)""}, ""2026-06-09"": {""z"": 0.01, ""band"": ""[0, +1\u03c3)""}, ""2026-06-10"": {""z"": -0.286, ""band"": ""[-1\u03c3, 0)""}}",East Outer Ring
2026-06-10,WH5F+26|WJ8X+F5W,weekday_evening,14,26.2,12,14,10,45,21.12,1.43,0.714,ok,4,0.0676,"{""< -3\u03c3"": 0, ""[-3\u03c3, -2\u03c3)"": 0, ""[-2\u03c3, -1\u03c3)"": 2, ""[-1\u03c3, 0)"": 2, ""[0, +1\u03c3)"": 5, ""[+1\u03c3, +2\u03c3)"": 1, ""[+2\u03c3, +3\u03c3)"": 0, ""> +3\u03c3"": 0}","{""2026-05-28"": {""z"": -1.862, ""band"": ""[-2\u03c3, -1\u03c3)""}, ""2026-05-29"": {""z"": -1.54, ""band"": ""[-2\u03c3, -1\u03c3)""}, ""2026-06-01"": {""z"": -0.006, ""band"": ""[-1\u03c3, 0)""}, ""2026-06-02"": {""z"": 1.289, ""band"": ""[+1\u03c3, +2\u03c3)""}, ""2026-06-03"": {""z"": -0.16, ""band"": ""[-1\u03c3, 0)""}, ""2026-06-04"": {""z"": 0.134, ""band"": ""[0, +1\u03c3)""}, ""2026-06-05"": {""z"": 0.113, ""band"": ""[0, +1\u03c3)""}, ""2026-06-08"": {""z"": 0.834, ""band"": ""[0, +1\u03c3)""}, ""2026-06-09"": {""z"": 0.729, ""band"": ""[0, +1\u03c3)""}, ""2026-06-10"": {""z"": 0.47, ""band"": ""[0, +1\u03c3)""}}",Double Decker Flyover
2026-06-10,WGG8+G5|XH7P+G6,weekday_evening,14,15.31,12,14,10,45,19.38,1.2,0.714,ok,5,0.0621,"{""< -3\u03c3"": 0, ""[-3\u03c3, -2\u03c3)"": 1, ""[-2\u03c3, -1\u03c3)"": 1, ""[-1\u03c3, 0)"": 1, ""[0, +1\u03c3)"": 7, ""[+1\u03c3, +2\u03c3)"": 0, ""[+2\u03c3, +3\u03c3)"": 0, ""> +3\u03c3"": 0}","{""2026-05-28"": {""z"": 0.953, ""band"": ""[0, +1\u03c3)""}, ""2026-05-29"": {""z"": -2.263, ""band"": ""[-3\u03c3, -2\u03c3)""}, ""2026-06-01"": {""z"": 0.047, ""band"": ""[0, +1\u03c3)""}, ""2026-06-02"": {""z"": 0.38, ""band"": ""[0, +1\u03c3)""}, ""2026-06-03"": {""z"": 0.43, ""band"": ""[0, +1\u03c3)""}, ""2026-06-04"": {""z"": 0.953, ""band"": ""[0, +1\u03c3)""}, ""2026-06-05"": {""z"": -0.435, ""band"": ""[-1\u03c3, 0)""}, ""2026-06-08"": {""z"": 0.346, ""band"": ""[0, +1\u03c3)""}, ""2026-06-09"": {""z"": 0.612, ""band"": ""[0, +1\u03c3)""}, ""2026-06-10"": {""z"": -1.024, ""band"": ""[-2\u03c3, -1\u03c3)""}}",Mysore Road
2026-06-10,2HM2+P8|XJV5+RG,weekday_evening,14,-0.0,12,14,10,45,18.16,1.72,0.714,ok,6,0.0949,"{""< -3\u03c3"": 0, ""[-3\u03c3, -2\u03c3)"": 0, ""[-2\u03c3, -1\u03c3)"": 1, ""[-1\u03c3, 0)"": 5, ""[0, +1\u03c3)"": 3, ""[+1\u03c3, +2\u03c3)"": 1, ""[+2\u03c3, +3\u03c3)"": 0, ""> +3\u03c3"": 0}","{""2026-05-28"": {""z"": 1.526, ""band"": ""[+1\u03c3, +2\u03c3)""}, ""2026-05-29"": {""z"": -1.78, ""band"": ""[-2\u03c3, -1\u03c3)""}, ""2026-06-01"": {""z"": 0.703, ""band"": ""[0, +1\u03c3)""}, ""2026-06-02"": {""z"": -0.33, ""band"": ""[-1\u03c3, 0)""}, ""2026-06-03"": {""z"": -0.104, ""band"": ""[-1\u03c3, 0)""}, ""2026-06-04"": {""z"": 0.853, ""band"": ""[0, +1\u03c3)""}, ""2026-06-05"": {""z"": -0.661, ""band"": ""[-1\u03c3, 0)""}, ""2026-06-08"": {""z"": -0.429, ""band"": ""[-1\u03c3, 0)""}, ""2026-06-09"": {""z"": 0.981, ""band"": ""[0, +1\u03c3)""}, ""2026-06-10"": {""z"": -0.759, ""band"": ""[-1\u03c3, 0)""}}",North Inner Ring
2026-06-10,2HVW+G8|XJXR+WG,weekday_evening,14,-5.47,12,14,10,45,17.55,1.6,0.714,ok,7,0.091,"{""< -3\u03c3"": 0, ""[-3\u03c3, -2\u03c3)"": 0, ""[-2\u03c3, -1\u03c3)"": 2, ""[-1\u03c3, 0)"": 3, ""[0, +1\u03c3)"": 3, ""[+1\u03c3, +2\u03c3)"": 2, ""[+2\u03c3, +3\u03c3)"": 0, ""> +3\u03c3"": 0}","{""2026-05-28"": {""z"": 1.662, ""band"": ""[+1\u03c3, +2\u03c3)""}, ""2026-05-29"": {""z"": -0.286, ""band"": ""[-1\u03c3, 0)""}, ""2026-06-01"": {""z"": 1.205, ""band"": ""[+1\u03c3, +2\u03c3)""}, ""2026-06-02"": {""z"": -0.011, ""band"": ""[-1\u03c3, 0)""}, ""2026-06-03"": {""z"": -0.863, ""band"": ""[-1\u03c3, 0)""}, ""2026-06-04"": {""z"": 0.415, ""band"": ""[0, +1\u03c3)""}, ""2026-06-05"": {""z"": -1.57, ""band"": ""[-2\u03c3, -1\u03c3)""}, ""2026-06-08"": {""z"": 0.409, ""band"": ""[0, +1\u03c3)""}, ""2026-06-09"": {""z"": 0.108, ""band"": ""[0, +1\u03c3)""}, ""2026-06-10"": {""z"": -1.069, ""band"": ""[-2\u03c3, -1\u03c3)""}}",North Outer Ring
2026-06-10,XHJ7+MG|WJM6+VC,weekday_evening,14,-6.55,12,14,10,45,17.54,0.91,0.714,ok,8,0.0518,"{""< -3\u03c3"": 0, ""[-3\u03c3, -2\u03c3)"": 1, ""[-2\u03c3, -1\u03c3)"": 0, ""[-1\u03c3, 0)"": 5, ""[0, +1\u03c3)"": 2, ""[+1\u03c3, +2\u03c3)"": 2, ""[+2\u03c3, +3\u03c3)"": 0, ""> +3\u03c3"": 0}","{""2026-05-28"": {""z"": -0.552, ""band"": ""[-1\u03c3, 0)""}, ""2026-05-29"": {""z"": -2.204, ""band"": ""[-3\u03c3, -2\u03c3)""}, ""2026-06-01"": {""z"": 1.034, ""band"": ""[+1\u03c3, +2\u03c3)""}, ""2026-06-02"": {""z"": -0.023, ""band"": ""[-1\u03c3, 0)""}, ""2026-06-03"": {""z"": 0.318, ""band"": ""[0, +1\u03c3)""}, ""2026-06-04"": {""z"": -0.387, ""band"": ""[-1\u03c3, 0)""}, ""2026-06-05"": {""z"": -0.32, ""band"": ""[-1\u03c3, 0)""}, ""2026-06-08"": {""z"": 1.331, ""band"": ""[+1\u03c3, +2\u03c3)""}, ""2026-06-09"": {""z"": 0.803, ""band"": ""[0, +1\u03c3)""}, ""2026-06-10"": {""z"": -0.001, ""band"": ""[-1\u03c3, 0)""}}",Central Diagonal 1
2026-06-10,WP44+W8|WJFH+XQ,weekday_evening,14,-31.66,12,14,10,45,15.76,0.71,0.714,ok,9,0.0448,"{""< -3\u03c3"": 0, ""[-3\u03c3, -2\u03c3)"": 0, ""[-2\u03c3, -1\u03c3)"": 1, ""[-1\u03c3, 0)"": 6, ""[0, +1\u03c3)"": 1, ""[+1\u03c3, +2\u03c3)"": 1, ""[+2\u03c3, +3\u03c3)"": 1, ""> +3\u03c3"": 0}","{""2026-05-28"": {""z"": 2.14, ""band"": ""[+2\u03c3, +3\u03c3)""}, ""2026-05-29"": {""z"": -0.879, ""band"": ""[-1\u03c3, 0)""}, ""2026-06-01"": {""z"": 0.298, ""band"": ""[0, +1\u03c3)""}, ""2026-06-02"": {""z"": -0.425, ""band"": ""[-1\u03c3, 0)""}, ""2026-06-03"": {""z"": -1.02, ""band"": ""[-2\u03c3, -1\u03c3)""}, ""2026-06-04"": {""z"": -0.51, ""band"": ""[-1\u03c3, 0)""}, ""2026-06-05"": {""z"": -0.411, ""band"": ""[-1\u03c3, 0)""}, ""2026-06-08"": {""z"": 1.304, ""band"": ""[+1\u03c3, +2\u03c3)""}, ""2026-06-09"": {""z"": -0.454, ""band"": ""[-1\u03c3, 0)""}, ""2026-06-10"": {""z"": -0.043, ""band"": ""[-1\u03c3, 0)""}}",Sarjapur Road
2026-06-10,XPC7+72|XM33+J3,weekday_evening,14,-42.55,12,14,10,45,15.17,2.6,0.714,ok,10,0.1712,"{""< -3\u03c3"": 0, ""[-3\u03c3, -2\u03c3)"": 0, ""[-2\u03c3, -1\u03c3)"": 1, ""[-1\u03c3, 0)"": 4, ""[0, +1\u03c3)"": 4, ""[+1\u03c3, +2\u03c3)"": 0, ""[+2\u03c3, +3\u03c3)"": 1, ""> +3\u03c3"": 0}","{""2026-05-28"": {""z"": 2.189, ""band"": ""[+2\u03c3, +3\u03c3)""}, ""2026-05-29"": {""z"": -0.149, ""band"": ""[-1\u03c3, 0)""}, ""2026-06-01"": {""z"": 0.255, ""band"": ""[0, +1\u03c3)""}, ""2026-06-02"": {""z"": -1.875, ""band"": ""[-2\u03c3, -1\u03c3)""}, ""2026-06-03"": {""z"": -0.496, ""band"": ""[-1\u03c3, 0)""}, ""2026-06-04"": {""z"": 0.167, ""band"": ""[0, +1\u03c3)""}, ""2026-06-05"": {""z"": -0.361, ""band"": ""[-1\u03c3, 0)""}, ""2026-06-08"": {""z"": 0.398, ""band"": ""[0, +1\u03c3)""}, ""2026-06-09"": {""z"": 0.07, ""band"": ""[0, +1\u03c3)""}, ""2026-06-10"": {""z"": -0.199, ""band"": ""[-1\u03c3, 0)""}}",Old Airport Road
2026-06-10,WHR9+R6|XJGF+6J,weekday_evening,14,-43.65,12,14,10,45,15.37,0.99,0.714,ok,11,0.0641,"{""< -3\u03c3"": 0, ""[-3\u03c3, -2\u03c3)"": 0, ""[-2\u03c3, -1\u03c3)"": 2, ""[-1\u03c3, 0)"": 3, ""[0, +1\u03c3)"": 2, ""[+1\u03c3, +2\u03c3)"": 3, ""[+2\u03c3, +3\u03c3)"": 0, ""> +3\u03c3"": 0}","{""2026-05-28"": {""z"": 0.179, ""band"": ""[0, +1\u03c3)""}, ""2026-05-29"": {""z"": -1.963, ""band"": ""[-2\u03c3, -1\u03c3)""}, ""2026-06-01"": {""z"": 1.062, ""band"": ""[+1\u03c3, +2\u03c3)""}, ""2026-06-02"": {""z"": -0.217, ""band"": ""[-1\u03c3, 0)""}, ""2026-06-03"": {""z"": -0.207, ""band"": ""[-1\u03c3, 0)""}, ""2026-06-04"": {""z"": -0.095, ""band"": ""[-1\u03c3, 0)""}, ""2026-06-05"": {""z"": -1.171, ""band"": ""[-2\u03c3, -1\u03c3)""}, ""2026-06-08"": {""z"": 1.214, ""band"": ""[+1\u03c3, +2\u03c3)""}, ""2026-06-09"": {""z"": 1.001, ""band"": ""[+1\u03c3, +2\u03c3)""}, ""2026-06-10"": {""z"": 0.199, ""band"": ""[0, +1\u03c3)""}}",Central Diagonal 2
2026-06-10,XJPW+92|WJP4+FF,weekday_evening,14,-43.65,12,14,10,45,15.32,0.78,0.714,ok,12,0.0507,"{""< -3\u03c3"": 0, ""[-3\u03c3, -2\u03c3)"": 0, ""[-2\u03c3, -1\u03c3)"": 1, ""[-1\u03c3, 0)"": 5, ""[0, +1\u03c3)"": 2, ""[+1\u03c3, +2\u03c3)"": 1, ""[+2\u03c3, +3\u03c3)"": 1, ""> +3\u03c3"": 0}","{""2026-05-28"": {""z"": 1.051, ""band"": ""[+1\u03c3, +2\u03c3)""}, ""2026-05-29"": {""z"": -1.409, ""band"": ""[-2\u03c3, -1\u03c3)""}, ""2026-06-01"": {""z"": 2.017, ""band"": ""[+2\u03c3, +3\u03c3)""}, ""2026-06-02"": {""z"": -0.701, ""band"": ""[-1\u03c3, 0)""}, ""2026-06-03"": {""z"": -0.134, ""band"": ""[-1\u03c3, 0)""}, ""2026-06-04"": {""z"": -0.61, ""band"": ""[-1\u03c3, 0)""}, ""2026-06-05"": {""z"": -0.52, ""band"": ""[-1\u03c3, 0)""}, ""2026-06-08"": {""z"": 0.587, ""band"": ""[0, +1\u03c3)""}, ""2026-06-09"": {""z"": 0.252, ""band"": ""[0, +1\u03c3)""}, ""2026-06-10"": {""z"": -0.533, ""band"": ""[-1\u03c3, 0)""}}",East Inner Ring
2026-06-07,XJG4+7J|5PX4+HQ,weekends,14,24.0,12,14,4,68,38.97,2.65,0.286,sparse,1,0.068,"{""< -3\u03c3"": 0, ""[-3\u03c3, -2\u03c3)"": 0, ""[-2\u03c3, -1\u03c3)"": 1, ""[-1\u03c3, 0)"": 1, ""[0, +1\u03c3)"": 2, ""[+1\u03c3, +2\u03c3)"": 0, ""[+2\u03c3, +3\u03c3)"": 0, ""> +3\u03c3"": 0}","{""2026-05-30"": {""z"": -1.004, ""band"": ""[-2\u03c3, -1\u03c3)""}, ""2026-05-31"": {""z"": 0.955, ""band"": ""[0, +1\u03c3)""}, ""2026-06-06"": {""z"": -0.71, ""band"": ""[-1\u03c3, 0)""}, ""2026-06-07"": {""z"": 0.759, ""band"": ""[0, +1\u03c3)""}}",Airport Expy
2026-06-07,XMW9+G8|WMJR+V4,weekends,14,19.64,12,14,4,68,33.48,1.93,0.286,sparse,2,0.0577,"{""< -3\u03c3"": 0, ""[-3\u03c3, -2\u03c3)"": 0, ""[-2\u03c3, -1\u03c3)"": 0, ""[-1\u03c3, 0)"": 2, ""[0, +1\u03c3)"": 1, ""[+1\u03c3, +2\u03c3)"": 1, ""[+2\u03c3, +3\u03c3)"": 0, ""> +3\u03c3"": 0}","{""2026-05-30"": {""z"": -0.866, ""band"": ""[-1\u03c3, 0)""}, ""2026-05-31"": {""z"": 1.138, ""band"": ""[+1\u03c3, +2\u03c3)""}, ""2026-06-06"": {""z"": -0.814, ""band"": ""[-1\u03c3, 0)""}, ""2026-06-07"": {""z"": 0.542, ""band"": ""[0, +1\u03c3)""}}",East Outer Ring
2026-06-07,VJRQ+2M|RMJJ+F4,weekends,14,15.28,12,14,4,68,28.79,2.81,0.286,sparse,3,0.0976,"{""< -3\u03c3"": 0, ""[-3\u03c3, -2\u03c3)"": 0, ""[-2\u03c3, -1\u03c3)"": 1, ""[-1\u03c3, 0)"": 1, ""[0, +1\u03c3)"": 2, ""[+1\u03c3, +2\u03c3)"": 0, ""[+2\u03c3, +3\u03c3)"": 0, ""> +3\u03c3"": 0}","{""2026-05-30"": {""z"": -0.654, ""band"": ""[-1\u03c3, 0)""}, ""2026-05-31"": {""z"": 0.72, ""band"": ""[0, +1\u03c3)""}, ""2026-06-06"": {""z"": -1.046, ""band"": ""[-2\u03c3, -1\u03c3)""}, ""2026-06-07"": {""z"": 0.98, ""band"": ""[0, +1\u03c3)""}}",Hosur Road
2026-06-07,WH5F+26|WJ8X+F5W,weekends,14,10.92,12,14,4,68,25.35,1.88,0.286,sparse,4,0.0741,"{""< -3\u03c3"": 0, ""[-3\u03c3, -2\u03c3)"": 0, ""[-2\u03c3, -1\u03c3)"": 0, ""[-1\u03c3, 0)"": 2, ""[0, +1\u03c3)"": 2, ""[+1\u03c3, +2\u03c3)"": 0, ""[+2\u03c3, +3\u03c3)"": 0, ""> +3\u03c3"": 0}","{""2026-05-30"": {""z"": -0.949, ""band"": ""[-1\u03c3, 0)""}, ""2026-05-31"": {""z"": 0.728, ""band"": ""[0, +1\u03c3)""}, ""2026-06-06"": {""z"": -0.768, ""band"": ""[-1\u03c3, 0)""}, ""2026-06-07"": {""z"": 0.989, ""band"": ""[0, +1\u03c3)""}}",Double Decker Flyover
2026-06-07,WP44+W8|WJFH+XQ,weekends,14,5.47,12,14,4,68,24.42,1.19,0.286,sparse,5,0.0488,"{""< -3\u03c3"": 0, ""[-3\u03c3, -2\u03c3)"": 0, ""[-2\u03c3, -1\u03c3)"": 0, ""[-1\u03c3, 0)"": 2, ""[0, +1\u03c3)"": 1, ""[+1\u03c3, +2\u03c3)"": 1, ""[+2\u03c3, +3\u03c3)"": 0, ""> +3\u03c3"": 0}","{""2026-05-30"": {""z"": -0.716, ""band"": ""[-1\u03c3, 0)""}, ""2026-05-31"": {""z"": 0.3, ""band"": ""[0, +1\u03c3)""}, ""2026-06-06"": {""z"": -0.867, ""band"": ""[-1\u03c3, 0)""}, ""2026-06-07"": {""z"": 1.283, ""band"": ""[+1\u03c3, +2\u03c3)""}}",Sarjapur Road
2026-06-07,XPC7+72|XM33+J3,weekends,14,0.0,12,14,4,68,22.94,1.29,0.286,sparse,6,0.0563,"{""< -3\u03c3"": 0, ""[-3\u03c3, -2\u03c3)"": 0, ""[-2\u03c3, -1\u03c3)"": 1, ""[-1\u03c3, 0)"": 1, ""[0, +1\u03c3)"": 2, ""[+1\u03c3, +2\u03c3)"": 0, ""[+2\u03c3, +3\u03c3)"": 0, ""> +3\u03c3"": 0}","{""2026-05-30"": {""z"": -0.639, ""band"": ""[-1\u03c3, 0)""}, ""2026-05-31"": {""z"": 0.825, ""band"": ""[0, +1\u03c3)""}, ""2026-06-06"": {""z"": -1.066, ""band"": ""[-2\u03c3, -1\u03c3)""}, ""2026-06-07"": {""z"": 0.88, ""band"": ""[0, +1\u03c3)""}}",Old Airport Road
2026-06-07,WGG8+G5|XH7P+G6,weekends,14,-1.09,12,14,4,68,22.58,2.63,0.286,sparse,7,0.1162,"{""< -3\u03c3"": 0, ""[-3\u03c3, -2\u03c3)"": 0, ""[-2\u03c3, -1\u03c3)"": 0, ""[-1\u03c3, 0)"": 2, ""[0, +1\u03c3)"": 2, ""[+1\u03c3, +2\u03c3)"": 0, ""[+2\u03c3, +3\u03c3)"": 0, ""> +3\u03c3"": 0}","{""2026-05-30"": {""z"": -0.889, ""band"": ""[-1\u03c3, 0)""}, ""2026-05-31"": {""z"": 0.89, ""band"": ""[0, +1\u03c3)""}, ""2026-06-06"": {""z"": -0.843, ""band"": ""[-1\u03c3, 0)""}, ""2026-06-07"": {""z"": 0.841, ""band"": ""[0, +1\u03c3)""}}",Mysore Road
2026-06-07,2HM2+P8|XJV5+RG,weekends,14,-9.83,12,14,4,68,21.34,1.12,0.286,sparse,8,0.0524,"{""< -3\u03c3"": 0, ""[-3\u03c3, -2\u03c3)"": 0, ""[-2\u03c3, -1\u03c3)"": 1, ""[-1\u03c3, 0)"": 1, ""[0, +1\u03c3)"": 1, ""[+1\u03c3, +2\u03c3)"": 1, ""[+2\u03c3, +3\u03c3)"": 0, ""> +3\u03c3"": 0}","{""2026-05-30"": {""z"": -0.63, ""band"": ""[-1\u03c3, 0)""}, ""2026-05-31"": {""z"": 0.487, ""band"": ""[0, +1\u03c3)""}, ""2026-06-06"": {""z"": -1.014, ""band"": ""[-2\u03c3, -1\u03c3)""}, ""2026-06-07"": {""z"": 1.157, ""band"": ""[+1\u03c3, +2\u03c3)""}}",North Inner Ring
2026-06-07,XHJ7+MG|WJM6+VC,weekends,14,-10.92,12,14,4,68,21.32,1.79,0.286,sparse,9,0.084,"{""< -3\u03c3"": 0, ""[-3\u03c3, -2\u03c3)"": 0, ""[-2\u03c3, -1\u03c3)"": 0, ""[-1\u03c3, 0)"": 2, ""[0, +1\u03c3)"": 2, ""[+1\u03c3, +2\u03c3)"": 0, ""[+2\u03c3, +3\u03c3)"": 0, ""> +3\u03c3"": 0}","{""2026-05-30"": {""z"": -0.84, ""band"": ""[-1\u03c3, 0)""}, ""2026-05-31"": {""z"": 0.907, ""band"": ""[0, +1\u03c3)""}, ""2026-06-06"": {""z"": -0.89, ""band"": ""[-1\u03c3, 0)""}, ""2026-06-07"": {""z"": 0.823, ""band"": ""[0, +1\u03c3)""}}",Central Diagonal 1
2026-06-07,XJPW+92|WJP4+FF,weekends,14,-12.01,12,14,4,68,21.0,0.86,0.286,sparse,10,0.041,"{""< -3\u03c3"": 0, ""[-3\u03c3, -2\u03c3)"": 0, ""[-2\u03c3, -1\u03c3)"": 1, ""[-1\u03c3, 0)"": 1, ""[0, +1\u03c3)"": 2, ""[+1\u03c3, +2\u03c3)"": 0, ""[+2\u03c3, +3\u03c3)"": 0, ""> +3\u03c3"": 0}","{""2026-05-30"": {""z"": -1.052, ""band"": ""[-2\u03c3, -1\u03c3)""}, ""2026-05-31"": {""z"": 0.843, ""band"": ""[0, +1\u03c3)""}, ""2026-06-06"": {""z"": -0.657, ""band"": ""[-1\u03c3, 0)""}, ""2026-06-07"": {""z"": 0.866, ""band"": ""[0, +1\u03c3)""}}",East Inner Ring
2026-06-07,2HVW+G8|XJXR+WG,weekends,14,-17.46,12,14,4,68,20.62,1.83,0.286,sparse,11,0.0889,"{""< -3\u03c3"": 0, ""[-3\u03c3, -2\u03c3)"": 0, ""[-2\u03c3, -1\u03c3)"": 0, ""[-1\u03c3, 0)"": 2, ""[0, +1\u03c3)"": 1, ""[+1\u03c3, +2\u03c3)"": 1, ""[+2\u03c3, +3\u03c3)"": 0, ""> +3\u03c3"": 0}","{""2026-05-30"": {""z"": -0.679, ""band"": ""[-1\u03c3, 0)""}, ""2026-05-31"": {""z"": 1.149, ""band"": ""[+1\u03c3, +2\u03c3)""}, ""2026-06-06"": {""z"": -0.979, ""band"": ""[-1\u03c3, 0)""}, ""2026-06-07"": {""z"": 0.51, ""band"": ""[0, +1\u03c3)""}}",North Outer Ring
2026-06-07,WHR9+R6|XJGF+6J,weekends,14,-24.0,12,14,4,68,18.09,1.22,0.286,sparse,12,0.0676,"{""< -3\u03c3"": 0, ""[-3\u03c3, -2\u03c3)"": 0, ""[-2\u03c3, -1\u03c3)"": 0, ""[-1\u03c3, 0)"": 2, ""[0, +1\u03c3)"": 2, ""[+1\u03c3, +2\u03c3)"": 0, ""[+2\u03c3, +3\u03c3)"": 0, ""> +3\u03c3"": 0}","{""2026-05-30"": {""z"": -0.89, ""band"": ""[-1\u03c3, 0)""}, ""2026-05-31"": {""z"": 0.739, ""band"": ""[0, +1\u03c3)""}, ""2026-06-06"": {""z"": -0.833, ""band"": ""[-1\u03c3, 0)""}, ""2026-06-07"": {""z"": 0.984, ""band"": ""[0, +1\u03c3)""}}",Central Diagonal 2
2026-06-11,XJG4+7J|5PX4+HQ,late_hours,14,84.0,12,14,14,112,50.68,1.14,1.0,ok,1,0.0225,"{""< -3\u03c3"": 0, ""[-3\u03c3, -2\u03c3)"": 0, ""[-2\u03c3, -1\u03c3)"": 3, ""[-1\u03c3, 0)"": 5, ""[0, +1\u03c3)"": 5, ""[+1\u03c3, +2\u03c3)"": 0, ""[+2\u03c3, +3\u03c3)"": 1, ""> +3\u03c3"": 0}","{""2026-05-29"": {""z"": 0.786, ""band"": ""[0, +1\u03c3)""}, ""2026-05-30"": {""z"": -1.049, ""band"": ""[-2\u03c3, -1\u03c3)""}, ""2026-05-31"": {""z"": -0.118, ""band"": ""[-1\u03c3, 0)""}, ""2026-06-01"": {""z"": 0.32, ""band"": ""[0, +1\u03c3)""}, ""2026-06-02"": {""z"": 0.9, ""band"": ""[0, +1\u03c3)""}, ""2026-06-03"": {""z"": -0.671, ""band"": ""[-1\u03c3, 0)""}, ""2026-06-04"": {""z"": 0.162, ""band"": ""[0, +1\u03c3)""}, ""2026-06-05"": {""z"": -0.575, ""band"": ""[-1\u03c3, 0)""}, ""2026-06-06"": {""z"": -1.04, ""band"": ""[-2\u03c3, -1\u03c3)""}, ""2026-06-07"": {""z"": -1.216, ""band"": ""[-2\u03c3, -1\u03c3)""}, ""2026-06-08"": {""z"": -0.461, ""band"": ""[-1\u03c3, 0)""}, ""2026-06-09"": {""z"": 0.584, ""band"": ""[0, +1\u03c3)""}, ""2026-06-10"": {""z"": -0.154, ""band"": ""[-1\u03c3, 0)""}, ""2026-06-11"": {""z"": 2.532, ""band"": ""[+2\u03c3, +3\u03c3)""}}",Airport Expy
2026-06-11,VJRQ+2M|RMJJ+F4,late_hours,14,65.47,12,14,14,112,37.5,0.88,1.0,ok,2,0.0234,"{""< -3\u03c3"": 0, ""[-3\u03c3, -2\u03c3)"": 0, ""[-2\u03c3, -1\u03c3)"": 2, ""[-1\u03c3, 0)"": 6, ""[0, +1\u03c3)"": 5, ""[+1\u03c3, +2\u03c3)"": 0, ""[+2\u03c3, +3\u03c3)"": 1, ""> +3\u03c3"": 0}","{""2026-05-29"": {""z"": -0.496, ""band"": ""[-1\u03c3, 0)""}, ""2026-05-30"": {""z"": 0.77, ""band"": ""[0, +1\u03c3)""}, ""2026-05-31"": {""z"": 0.553, ""band"": ""[0, +1\u03c3)""}, ""2026-06-01"": {""z"": -1.123, ""band"": ""[-2\u03c3, -1\u03c3)""}, ""2026-06-02"": {""z"": -0.587, ""band"": ""[-1\u03c3, 0)""}, ""2026-06-03"": {""z"": 0.485, ""band"": ""[0, +1\u03c3)""}, ""2026-06-04"": {""z"": -0.348, ""band"": ""[-1\u03c3, 0)""}, ""2026-06-05"": {""z"": -0.268, ""band"": ""[-1\u03c3, 0)""}, ""2026-06-06"": {""z"": -1.637, ""band"": ""[-2\u03c3, -1\u03c3)""}, ""2026-06-07"": {""z"": 0.051, ""band"": ""[0, +1\u03c3)""}, ""2026-06-08"": {""z"": 0.154, ""band"": ""[0, +1\u03c3)""}, ""2026-06-09"": {""z"": -0.086, ""band"": ""[-1\u03c3, 0)""}, ""2026-06-10"": {""z"": -0.131, ""band"": ""[-1\u03c3, 0)""}, ""2026-06-11"": {""z"": 2.663, ""band"": ""[+2\u03c3, +3\u03c3)""}}",Hosur Road
2026-06-11,WH5F+26|WJ8X+F5W,late_hours,14,50.21,12,14,14,112,36.43,1.83,1.0,ok,3,0.0504,"{""< -3\u03c3"": 0, ""[-3\u03c3, -2\u03c3)"": 1, ""[-2\u03c3, -1\u03c3)"": 0, ""[-1\u03c3, 0)"": 4, ""[0, +1\u03c3)"": 8, ""[+1\u03c3, +2\u03c3)"": 1, ""[+2\u03c3, +3\u03c3)"": 0, ""> +3\u03c3"": 0}","{""2026-05-29"": {""z"": -0.493, ""band"": ""[-1\u03c3, 0)""}, ""2026-05-30"": {""z"": -0.477, ""band"": ""[-1\u03c3, 0)""}, ""2026-05-31"": {""z"": 0.052, ""band"": ""[0, +1\u03c3)""}, ""2026-06-01"": {""z"": -2.663, ""band"": ""[-3\u03c3, -2\u03c3)""}, ""2026-06-02"": {""z"": 0.7, ""band"": ""[0, +1\u03c3)""}, ""2026-06-03"": {""z"": 0.352, ""band"": ""[0, +1\u03c3)""}, ""2026-06-04"": {""z"": 0.248, ""band"": ""[0, +1\u03c3)""}, ""2026-06-05"": {""z"": 0.226, ""band"": ""[0, +1\u03c3)""}, ""2026-06-06"": {""z"": -0.951, ""band"": ""[-1\u03c3, 0)""}, ""2026-06-07"": {""z"": -0.21, ""band"": ""[-1\u03c3, 0)""}, ""2026-06-08"": {""z"": 0.461, ""band"": ""[0, +1\u03c3)""}, ""2026-06-09"": {""z"": 0.548, ""band"": ""[0, +1\u03c3)""}, ""2026-06-10"": {""z"": 0.466, ""band"": ""[0, +1\u03c3)""}, ""2026-06-11"": {""z"": 1.741, ""band"": ""[+1\u03c3, +2\u03c3)""}}",Double Decker Flyover
2026-06-11,XMW9+G8|WMJR+V4,late_hours,14,42.58,12,14,14,112,35.43,2.03,1.0,ok,4,0.0574,"{""< -3\u03c3"": 0, ""[-3\u03c3, -2\u03c3)"": 0, ""[-2\u03c3, -1\u03c3)"": 2, ""[-1\u03c3, 0)"": 6, ""[0, +1\u03c3)"": 3, ""[+1\u03c3, +2\u03c3)"": 3, ""[+2\u03c3, +3\u03c3)"": 0, ""> +3\u03c3"": 0}","{""2026-05-29"": {""z"": 1.16, ""band"": ""[+1\u03c3, +2\u03c3)""}, ""2026-05-30"": {""z"": -0.211, ""band"": ""[-1\u03c3, 0)""}, ""2026-05-31"": {""z"": -0.502, ""band"": ""[-1\u03c3, 0)""}, ""2026-06-01"": {""z"": 1.952, ""band"": ""[+1\u03c3, +2\u03c3)""}, ""2026-06-02"": {""z"": 0.58, ""band"": ""[0, +1\u03c3)""}, ""2026-06-03"": {""z"": -0.216, ""band"": ""[-1\u03c3, 0)""}, ""2026-06-04"": {""z"": 0.3, ""band"": ""[0, +1\u03c3)""}, ""2026-06-05"": {""z"": -0.275, ""band"": ""[-1\u03c3, 0)""}, ""2026-06-06"": {""z"": -1.686, ""band"": ""[-2\u03c3, -1\u03c3)""}, ""2026-06-07"": {""z"": -1.244, ""band"": ""[-2\u03c3, -1\u03c3)""}, ""2026-06-08"": {""z"": 0.595, ""band"": ""[0, +1\u03c3)""}, ""2026-06-09"": {""z"": -0.836, ""band"": ""[-1\u03c3, 0)""}, ""2026-06-10"": {""z"": -0.669, ""band"": ""[-1\u03c3, 0)""}, ""2026-06-11"": {""z"": 1.052, ""band"": ""[+1\u03c3, +2\u03c3)""}}",East Outer Ring
2026-06-11,XPC7+72|XM33+J3,late_hours,14,12.03,12,14,14,112,32.59,1.41,1.0,ok,5,0.0432,"{""< -3\u03c3"": 0, ""[-3\u03c3, -2\u03c3)"": 0, ""[-2\u03c3, -1\u03c3)"": 1, ""[-1\u03c3, 0)"": 7, ""[0, +1\u03c3)"": 5, ""[+1\u03c3, +2\u03c3)"": 0, ""[+2\u03c3, +3\u03c3)"": 1, ""> +3\u03c3"": 0}","{""2026-05-29"": {""z"": 0.559, ""band"": ""[0, +1\u03c3)""}, ""2026-05-30"": {""z"": -0.266, ""band"": ""[-1\u03c3, 0)""}, ""2026-05-31"": {""z"": -0.593, ""band"": ""[-1\u03c3, 0)""}, ""2026-06-01"": {""z"": -0.067, ""band"": ""[-1\u03c3, 0)""}, ""2026-06-02"": {""z"": -0.216, ""band"": ""[-1\u03c3, 0)""}, ""2026-06-03"": {""z"": 0.04, ""band"": ""[0, +1\u03c3)""}, ""2026-06-04"": {""z"": 0.047, ""band"": ""[0, +1\u03c3)""}, ""2026-06-05"": {""z"": -0.749, ""band"": ""[-1\u03c3, 0)""}, ""2026-06-06"": {""z"": -0.678, ""band"": ""[-1\u03c3, 0)""}, ""2026-06-07"": {""z"": -1.702, ""band"": ""[-2\u03c3, -1\u03c3)""}, ""2026-06-08"": {""z"": 0.48, ""band"": ""[0, +1\u03c3)""}, ""2026-06-09"": {""z"": -0.053, ""band"": ""[-1\u03c3, 0)""}, ""2026-06-10"": {""z"": 0.388, ""band"": ""[0, +1\u03c3)""}, ""2026-06-11"": {""z"": 2.812, ""band"": ""[+2\u03c3, +3\u03c3)""}}",Old Airport Road
2026-06-11,XHJ7+MG|WJM6+VC,late_hours,14,9.86,12,14,14,112,32.36,1.12,1.0,ok,6,0.0346,"{""< -3\u03c3"": 0, ""[-3\u03c3, -2\u03c3)"": 0, ""[-2\u03c3, -1\u03c3)"": 0, ""[-1\u03c3, 0)"": 8, ""[0, +1\u03c3)"": 5, ""[+1\u03c3, +2\u03c3)"": 0, ""[+2\u03c3, +3\u03c3)"": 1, ""> +3\u03c3"": 0}","{""2026-05-29"": {""z"": -0.363, ""band"": ""[-1\u03c3, 0)""}, ""2026-05-30"": {""z"": -0.855, ""band"": ""[-1\u03c3, 0)""}, ""2026-05-31"": {""z"": -0.676, ""band"": ""[-1\u03c3, 0)""}, ""2026-06-01"": {""z"": -0.506, ""band"": ""[-1\u03c3, 0)""}, ""2026-06-02"": {""z"": 0.271, ""band"": ""[0, +1\u03c3)""}, ""2026-06-03"": {""z"": 0.343, ""band"": ""[0, +1\u03c3)""}, ""2026-06-04"": {""z"": 0.558, ""band"": ""[0, +1\u03c3)""}, ""2026-06-05"": {""z"": -0.542, ""band"": ""[-1\u03c3, 0)""}, ""2026-06-06"": {""z"": -0.864, ""band"": ""[-1\u03c3, 0)""}, ""2026-06-07"": {""z"": -0.855, ""band"": ""[-1\u03c3, 0)""}, ""2026-06-08"": {""z"": 0.227, ""band"": ""[0, +1\u03c3)""}, ""2026-06-09"": {""z"": 0.656, ""band"": ""[0, +1\u03c3)""}, ""2026-06-10"": {""z"": -0.319, ""band"": ""[-1\u03c3, 0)""}, ""2026-06-11"": {""z"": 2.927, ""band"": ""[+2\u03c3, +3\u03c3)""}}",Central Diagonal 1
2026-06-11,WGG8+G5|XH7P+G6,late_hours,14,-3.29,12,14,14,112,31.69,1.97,1.0,ok,7,0.0622,"{""< -3\u03c3"": 1, ""[-3\u03c3, -2\u03c3)"": 0, ""[-2\u03c3, -1\u03c3)"": 0, ""[-1\u03c3, 0)"": 3, ""[0, +1\u03c3)"": 9, ""[+1\u03c3, +2\u03c3)"": 1, ""[+2\u03c3, +3\u03c3)"": 0, ""> +3\u03c3"": 0}","{""2026-05-29"": {""z"": -0.18, ""band"": ""[-1\u03c3, 0)""}, ""2026-05-30"": {""z"": -0.246, ""band"": ""[-1\u03c3, 0)""}, ""2026-05-31"": {""z"": 0.104, ""band"": ""[0, +1\u03c3)""}, ""2026-06-01"": {""z"": -3.131, ""band"": ""< -3\u03c3""}, ""2026-06-02"": {""z"": 0.742, ""band"": ""[0, +1\u03c3)""}, ""2026-06-03"": {""z"": 0.205, ""band"": ""[0, +1\u03c3)""}, ""2026-06-04"": {""z"": 0.18, ""band"": ""[0, +1\u03c3)""}, ""2026-06-05"": {""z"": 0.088, ""band"": ""[0, +1\u03c3)""}, ""2026-06-06"": {""z"": -0.14, ""band"": ""[-1\u03c3, 0)""}, ""2026-06-07"": {""z"": 0.022, ""band"": ""[0, +1\u03c3)""}, ""2026-06-08"": {""z"": 0.428, ""band"": ""[0, +1\u03c3)""}, ""2026-06-09"": {""z"": 0.332, ""band"": ""[0, +1\u03c3)""}, ""2026-06-10"": {""z"": 0.139, ""band"": ""[0, +1\u03c3)""}, ""2026-06-11"": {""z"": 1.457, ""band"": ""[+1\u03c3, +2\u03c3)""}}",Mysore Road
2026-06-11,2HM2+P8|XJV5+RG,late_hours,14,-24.05,12,14,14,112,30.94,0.85,1.0,ok,8,0.0274,"{""< -3\u03c3"": 0, ""[-3\u03c3, -2\u03c3)"": 0, ""[-2\u03c3, -1\u03c3)"": 1, ""[-1\u03c3, 0)"": 8, ""[0, +1\u03c3)"": 4, ""[+1\u03c3, +2\u03c3)"": 0, ""[+2\u03c3, +3\u03c3)"": 0, ""> +3\u03c3"": 1}","{""2026-05-29"": {""z"": -0.046, ""band"": ""[-1\u03c3, 0)""}, ""2026-05-30"": {""z"": -1.157, ""band"": ""[-2\u03c3, -1\u03c3)""}, ""2026-05-31"": {""z"": -0.909, ""band"": ""[-1\u03c3, 0)""}, ""2026-06-01"": {""z"": -0.283, ""band"": ""[-1\u03c3, 0)""}, ""2026-06-02"": {""z"": -0.07, ""band"": ""[-1\u03c3, 0)""}, ""2026-06-03"": {""z"": 0.296, ""band"": ""[0, +1\u03c3)""}, ""2026-06-04"": {""z"": 0.143, ""band"": ""[0, +1\u03c3)""}, ""2026-06-05"": {""z"": -0.165, ""band"": ""[-1\u03c3, 0)""}, ""2026-06-06"": {""z"": -0.519, ""band"": ""[-1\u03c3, 0)""}, ""2026-06-07"": {""z"": -0.72, ""band"": ""[-1\u03c3, 0)""}, ""2026-06-08"": {""z"": -0.247, ""band"": ""[-1\u03c3, 0)""}, ""2026-06-09"": {""z"": 0.202, ""band"": ""[0, +1\u03c3)""}, ""2026-06-10"": {""z"": 0.379, ""band"": ""[0, +1\u03c3)""}, ""2026-06-11"": {""z"": 3.095, ""band"": ""> +3\u03c3""}}",North Inner Ring
2026-06-11,WP44+W8|WJFH+XQ,late_hours,14,-41.49,12,14,14,112,30.17,1.0,1.0,ok,9,0.0333,"{""< -3\u03c3"": 0, ""[-3\u03c3, -2\u03c3)"": 0, ""[-2\u03c3, -1\u03c3)"": 3, ""[-1\u03c3, 0)"": 2, ""[0, +1\u03c3)"": 8, ""[+1\u03c3, +2\u03c3)"": 1, ""[+2\u03c3, +3\u03c3)"": 0, ""> +3\u03c3"": 0}","{""2026-05-29"": {""z"": 0.848, ""band"": ""[0, +1\u03c3)""}, ""2026-05-30"": {""z"": -1.465, ""band"": ""[-2\u03c3, -1\u03c3)""}, ""2026-05-31"": {""z"": -0.697, ""band"": ""[-1\u03c3, 0)""}, ""2026-06-01"": {""z"": 0.35, ""band"": ""[0, +1\u03c3)""}, ""2026-06-02"": {""z"": 0.17, ""band"": ""[0, +1\u03c3)""}, ""2026-06-03"": {""z"": 0.16, ""band"": ""[0, +1\u03c3)""}, ""2026-06-04"": {""z"": 0.31, ""band"": ""[0, +1\u03c3)""}, ""2026-06-05"": {""z"": -0.438, ""band"": ""[-1\u03c3, 0)""}, ""2026-06-06"": {""z"": -1.554, ""band"": ""[-2\u03c3, -1\u03c3)""}, ""2026-06-07"": {""z"": -1.335, ""band"": ""[-2\u03c3, -1\u03c3)""}, ""2026-06-08"": {""z"": 0.469, ""band"": ""[0, +1\u03c3)""}, ""2026-06-09"": {""z"": 0.798, ""band"": ""[0, +1\u03c3)""}, ""2026-06-10"": {""z"": 0.389, ""band"": ""[0, +1\u03c3)""}, ""2026-06-11"": {""z"": 1.994, ""band"": ""[+1\u03c3, +2\u03c3)""}}",Sarjapur Road
2026-06-11,XJPW+92|WJP4+FF,late_hours,14,-55.66,12,14,14,112,29.37,1.23,1.0,ok,10,0.0418,"{""< -3\u03c3"": 0, ""[-3\u03c3, -2\u03c3)"": 0, ""[-2\u03c3, -1\u03c3)"": 3, ""[-1\u03c3, 0)"": 3, ""[0, +1\u03c3)"": 7, ""[+1\u03c3, +2\u03c3)"": 0, ""[+2\u03c3, +3\u03c3)"": 1, ""> +3\u03c3"": 0}","{""2026-05-29"": {""z"": 0.194, ""band"": ""[0, +1\u03c3)""}, ""2026-05-30"": {""z"": -1.11, ""band"": ""[-2\u03c3, -1\u03c3)""}, ""2026-05-31"": {""z"": -1.151, ""band"": ""[-2\u03c3, -1\u03c3)""}, ""2026-06-01"": {""z"": -0.638, ""band"": ""[-1\u03c3, 0)""}, ""2026-06-02"": {""z"": 0.936, ""band"": ""[0, +1\u03c3)""}, ""2026-06-03"": {""z"": 0.357, ""band"": ""[0, +1\u03c3)""}, ""2026-06-04"": {""z"": 0.398, ""band"": ""[0, +1\u03c3)""}, ""2026-06-05"": {""z"": -0.768, ""band"": ""[-1\u03c3, 0)""}, ""2026-06-06"": {""z"": -0.695, ""band"": ""[-1\u03c3, 0)""}, ""2026-06-07"": {""z"": -1.102, ""band"": ""[-2\u03c3, -1\u03c3)""}, ""2026-06-08"": {""z"": 0.275, ""band"": ""[0, +1\u03c3)""}, ""2026-06-09"": {""z"": 0.602, ""band"": ""[0, +1\u03c3)""}, ""2026-06-10"": {""z"": 0.243, ""band"": ""[0, +1\u03c3)""}, ""2026-06-11"": {""z"": 2.46, ""band"": ""[+2\u03c3, +3\u03c3)""}}",East Inner Ring
2026-06-11,2HVW+G8|XJXR+WG,late_hours,14,-56.75,12,14,14,112,29.3,1.3,1.0,ok,11,0.0445,"{""< -3\u03c3"": 0, ""[-3\u03c3, -2\u03c3)"": 0, ""[-2\u03c3, -1\u03c3)"": 2, ""[-1\u03c3, 0)"": 5, ""[0, +1\u03c3)"": 5, ""[+1\u03c3, +2\u03c3)"": 1, ""[+2\u03c3, +3\u03c3)"": 1, ""> +3\u03c3"": 0}","{""2026-05-29"": {""z"": 0.175, ""band"": ""[0, +1\u03c3)""}, ""2026-05-30"": {""z"": -1.956, ""band"": ""[-2\u03c3, -1\u03c3)""}, ""2026-05-31"": {""z"": -0.645, ""band"": ""[-1\u03c3, 0)""}, ""2026-06-01"": {""z"": 1.133, ""band"": ""[+1\u03c3, +2\u03c3)""}, ""2026-06-02"": {""z"": 0.382, ""band"": ""[0, +1\u03c3)""}, ""2026-06-03"": {""z"": -0.622, ""band"": ""[-1\u03c3, 0)""}, ""2026-06-04"": {""z"": 0.398, ""band"": ""[0, +1\u03c3)""}, ""2026-06-05"": {""z"": -0.323, ""band"": ""[-1\u03c3, 0)""}, ""2026-06-06"": {""z"": -1.028, ""band"": ""[-2\u03c3, -1\u03c3)""}, ""2026-06-07"": {""z"": -0.338, ""band"": ""[-1\u03c3, 0)""}, ""2026-06-08"": {""z"": 2.076, ""band"": ""[+2\u03c3, +3\u03c3)""}, ""2026-06-09"": {""z"": 0.52, ""band"": ""[0, +1\u03c3)""}, ""2026-06-10"": {""z"": -0.545, ""band"": ""[-1\u03c3, 0)""}, ""2026-06-11"": {""z"": 0.773, ""band"": ""[0, +1\u03c3)""}}",North Outer Ring
2026-06-11,WHR9+R6|XJGF+6J,late_hours,14,-82.91,12,14,14,112,26.56,0.99,1.0,ok,12,0.0372,"{""< -3\u03c3"": 0, ""[-3\u03c3, -2\u03c3)"": 0, ""[-2\u03c3, -1\u03c3)"": 2, ""[-1\u03c3, 0)"": 4, ""[0, +1\u03c3)"": 7, ""[+1\u03c3, +2\u03c3)"": 0, ""[+2\u03c3, +3\u03c3)"": 1, ""> +3\u03c3"": 0}","{""2026-05-29"": {""z"": -0.226, ""band"": ""[-1\u03c3, 0)""}, ""2026-05-30"": {""z"": -0.996, ""band"": ""[-1\u03c3, 0)""}, ""2026-05-31"": {""z"": -0.935, ""band"": ""[-1\u03c3, 0)""}, ""2026-06-01"": {""z"": 0.007, ""band"": ""[0, +1\u03c3)""}, ""2026-06-02"": {""z"": 0.786, ""band"": ""[0, +1\u03c3)""}, ""2026-06-03"": {""z"": 0.422, ""band"": ""[0, +1\u03c3)""}, ""2026-06-04"": {""z"": 0.341, ""band"": ""[0, +1\u03c3)""}, ""2026-06-05"": {""z"": -0.125, ""band"": ""[-1\u03c3, 0)""}, ""2026-06-06"": {""z"": -1.31, ""band"": ""[-2\u03c3, -1\u03c3)""}, ""2026-06-07"": {""z"": -1.361, ""band"": ""[-2\u03c3, -1\u03c3)""}, ""2026-06-08"": {""z"": 0.3, ""band"": ""[0, +1\u03c3)""}, ""2026-06-09"": {""z"": 0.493, ""band"": ""[0, +1\u03c3)""}, ""2026-06-10"": {""z"": 0.108, ""band"": ""[0, +1\u03c3)""}, ""2026-06-11"": {""z"": 2.498, ""band"": ""[+2\u03c3, +3\u03c3)""}}",Central Diagonal 2
